	transcript: id	aminoacid: position	amino acid mutation
0	ENSMUST00000000001	10	A
1	ENSMUST00000000003	23	A
2	ENSMUST00000000010	27	A
3	ENSMUST00000000028	8	A
4	ENSMUST00000000033	7	A
5	ENSMUST00000000049	25	C
6	ENSMUST00000000058	7	C
7	ENSMUST00000000080	2	C
8	ENSMUST00000000087	32	C
9	ENSMUST00000000090	58	C
10	ENSMUST00000000094	33	D
11	ENSMUST00000000095	50	D
12	ENSMUST00000000096	5	D
13	ENSMUST00000000109	2	D
14	ENSMUST00000000122	32	D
15	ENSMUST00000000127	54	E
16	ENSMUST00000000128	57	E
17	ENSMUST00000000129	8	E
18	ENSMUST00000000137	7	E
19	ENSMUST00000000145	78	E
20	ENSMUST00000000153	57	F
21	ENSMUST00000000161	27	F
22	ENSMUST00000000163	38	F
23	ENSMUST00000000171	6	F
24	ENSMUST00000000175	6	F
25	ENSMUST00000000186	114	G
26	ENSMUST00000000187	83	G
27	ENSMUST00000000188	44	G
28	ENSMUST00000000193	41	G
29	ENSMUST00000000194	2	G
30	ENSMUST00000000199	3	H
31	ENSMUST00000000201	3	H
32	ENSMUST00000000206	4	H
33	ENSMUST00000000208	10	H
34	ENSMUST00000000219	12	H
35	ENSMUST00000000220	27	I
36	ENSMUST00000000221	6	I
37	ENSMUST00000000253	23	I
38	ENSMUST00000000254	21	I
39	ENSMUST00000000260	9	I
40	ENSMUST00000000266	42	K
41	ENSMUST00000000275	45	K
42	ENSMUST00000000284	21	K
43	ENSMUST00000000285	55	K
44	ENSMUST00000000287	37	K
45	ENSMUST00000000291	43	L
46	ENSMUST00000000299	27	L
47	ENSMUST00000000304	23	L
48	ENSMUST00000000305	36	L
49	ENSMUST00000000310	41	L
50	ENSMUST00000000312	78	M
51	ENSMUST00000000314	32	M
52	ENSMUST00000000317	59	M
53	ENSMUST00000000326	53	M
54	ENSMUST00000000327	14	M
55	ENSMUST00000000329	34	N
56	ENSMUST00000000335	48	N
57	ENSMUST00000000342	39	N
58	ENSMUST00000000348	38	N
59	ENSMUST00000000349	33	N
60	ENSMUST00000000356	4	P
61	ENSMUST00000000365	3	P
62	ENSMUST00000000369	10	P
63	ENSMUST00000000384	18	P
64	ENSMUST00000000388	6	P
65	ENSMUST00000000394	7	Q
66	ENSMUST00000000395	70	Q
67	ENSMUST00000000402	2	Q
68	ENSMUST00000000412	44	Q
69	ENSMUST00000000421	14	Q
70	ENSMUST00000000430	3	R
71	ENSMUST00000000445	43	R
72	ENSMUST00000000449	4	R
73	ENSMUST00000000450	63	R
74	ENSMUST00000000451	9	R
75	ENSMUST00000000466	37	S
76	ENSMUST00000000476	37	S
77	ENSMUST00000000500	98	S
78	ENSMUST00000000505	4	S
79	ENSMUST00000000514	17	S
80	ENSMUST00000000542	26	T
81	ENSMUST00000000543	8	T
82	ENSMUST00000000544	72	T
83	ENSMUST00000000573	15	T
84	ENSMUST00000000574	39	T
85	ENSMUST00000000579	9	V
86	ENSMUST00000000590	3	V
87	ENSMUST00000000594	33	V
88	ENSMUST00000000608	26	V
89	ENSMUST00000000619	26	V
90	ENSMUST00000000631	55	W
91	ENSMUST00000000632	65	W
92	ENSMUST00000000641	102	W
93	ENSMUST00000000642	21	W
94	ENSMUST00000000645	6	W
95	ENSMUST00000000646	65	Y
96	ENSMUST00000000674	2	Y
97	ENSMUST00000000687	8	Y
98	ENSMUST00000000696	2	Y
99	ENSMUST00000000704	51	Y
100	ENSMUST00000000707	36	*
101	ENSMUST00000000717	0	*
102	ENSMUST00000000718	37	*
103	ENSMUST00000000724	60	*
104	ENSMUST00000000727	17	*
