transcript: id	aminoacid: position	amino acid mutation
ENST00000641515	11	A
ENST00000641515	3	C
ENST00000641515	28	D
ENST00000426406	7	E
ENST00000426406	18	F
ENST00000426406	35	G
ENST00000332831	7	H
ENST00000332831	18	I
ENST00000332831	35	K
ENST00000338591	5	L
ENST00000338591	12	M
ENST00000338591	75	N
ENST00000379410	4	P
ENST00000379410	61	Q
ENST00000379410	57	R
ENST00000341290	8	S
ENST00000341290	50	T
ENST00000341290	470	V
ENST00000428771	10	W
ENST00000428771	5	Y
ENST00000428771	136	*
ENST00000624697	10	A
ENST00000624697	25	C
ENST00000624697	88	D
ENST00000379370	5	E
ENST00000379370	30	F
ENST00000379370	64	G
ENST00000453464	2	H
ENST00000453464	10	I
ENST00000453464	58	K
ENST00000379339	18	L
ENST00000379339	24	M
ENST00000379339	88	N
ENST00000328596	23	P
ENST00000328596	29	Q
ENST00000328596	61	R
ENST00000379236	24	S
ENST00000379236	25	T
ENST00000379236	36	V
ENST00000360001	10	W
ENST00000360001	44	Y
ENST00000360001	162	*
ENST00000379198	43	A
ENST00000379198	18	C
ENST00000379198	28	D
ENST00000379116	6	E
ENST00000379116	9	F
ENST00000379116	15	G
ENST00000354700	12	H
ENST00000354700	2	I
ENST00000354700	50	K
ENST00000379031	2	L
ENST00000379031	23	M
ENST00000379031	14	N
ENST00000540437	24	P
ENST00000540437	58	Q
ENST00000540437	56	R
ENST00000339381	10	S
ENST00000339381	19	T
ENST00000339381	35	V
ENST00000378891	38	W
ENST00000378891	4	Y
ENST00000378891	8	*
ENST00000338370	8	A
ENST00000338370	7	C
ENST00000338370	38	D
ENST00000344843	76	E
ENST00000344843	5	F
ENST00000344843	18	G
ENST00000520296	3	H
ENST00000520296	31	I
ENST00000378821	2	K
ENST00000378821	8	L
ENST00000378821	78	M
ENST00000378785	2	N
ENST00000378785	15	P
ENST00000378785	86	Q
ENST00000308647	2	R
ENST00000308647	53	S
ENST00000308647	70	T
ENST00000378756	2	V
ENST00000378756	53	W
ENST00000378756	70	Y
ENST00000378733	2	*
ENST00000378733	7	A
ENST00000378733	37	C
ENST00000291386	3	D
ENST00000291386	38	E
ENST00000291386	55	F
ENST00000422725	57	G
ENST00000422725	24	H
ENST00000422725	39	I
ENST00000520777	13	K
ENST00000520777	19	L
ENST00000520777	179	M
ENST00000356026	9	N
ENST00000356026	66	P
ENST00000356026	79	Q
ENST00000341832	7	R
