	genome coordinate	nucleotide mutation
0	I:147494-147494-	A
1	I:143607-143607+	A
2	I:142074-142074+	A
3	I:140660-140660+	A
4	I:139403-139403-	A
5	I:137598-137598-	A
6	I:136814-136814+	A
7	I:135754-135754+	A
8	I:134084-134084-	A
9	I:132099-132099+	A
10	I:130699-130699+	A
11	I:129170-129170+	A
12	I:128152-128152-	A
13	I:126803-126803-	A
14	I:124655-124655-	A
15	I:124207-124207-	A
16	I:124779-124779+	A
17	I:120125-120125+	A
18	I:118464-118464-	A
19	I:114150-114150+	A
20	I:114819-114819+	A
21	I:113514-113514-	A
22	I:110746-110746-	A
23	I:108777-108777-	A
24	I:106172-106172-	A
25	I:101465-101465-	A
26	I:100125-100125-	A
27	I:95286-95286-	A
28	I:95530-95530-	A
29	I:94587-94587+	A
30	I:92800-92800+	A
31	I:87755-87755-	A
32	I:87186-87186+	A
33	I:84649-84649-	A
34	I:84569-84569+	A
35	I:83235-83235-	A
36	I:82606-82606+	A
37	I:79389-79389-	A
38	I:80610-80610-	A
39	I:79618-79618+	A
40	I:76327-76327+	A
41	I:74943-74943-	A
42	I:73326-73326-	A
43	I:72226-72226-	A
44	I:73920-73920+	A
45	I:71686-71686+	A
46	I:68616-68616-	A
47	I:65678-65678-	A
48	I:62740-62740+	A
49	I:61131-61131-	A
50	I:61216-61216+	A
51	I:58595-58595-	A
52	I:57850-57850-	A
53	I:57418-57418+	A
54	I:57388-57388-	A
55	I:56929-56929-	A
56	I:54889-54889-	A
57	I:54484-54484+	A
58	I:52701-52701-	A
59	I:51755-51755-	A
60	I:48464-48464+	A
61	I:45799-45799+	A
62	I:42781-42781-	A
63	I:42077-42077+	A
64	I:38596-38596-	A
65	I:39159-39159+	A
66	I:37364-37364+	A
67	I:36396-36396-	A
68	I:36409-36409+	A
69	I:35055-35055+	A
70	I:33348-33348+	A
71	I:31467-31467+	A
72	I:22295-22295-	A
73	I:23900-23900-	A
74	I:13263-13263-	A
75	I:11946-11946+	A
76	I:21466-21466+	A
77	I:11465-11465-	A
78	I:9991-9991+	A
79	I:7135-7135-	A
80	I:2380-2380+	A
81	I:1707-1707-	A
82	I:438-438+	A
83	I:235-235+	A
84	I:153965-153965-	A
85	I:152157-152157+	A
86	I:154905-154905+	A
87	I:156654-156654-	A
88	I:158866-158866+	A
89	I:166642-166642-	A
90	I:169275-169275+	A
91	I:170296-170296-	A
92	I:172111-172111-	A
93	I:174898-174898+	A
94	I:176756-176756-	A
95	I:179181-179181-	A
96	I:183670-183670+	A
97	I:184792-184792+	A
98	I:186221-186221+	A
99	I:186412-186412-	A
100	I:186736-186736+	A
101	I:188007-188007+	T
102	I:192237-192237-	T
103	I:190093-190093+	T
104	I:192519-192519+	T
105	I:201367-201367-	T
106	I:203303-203303+	T
107	I:208267-208267+	T
108	I:217057-217057-	T
109	I:220098-220098+	T
110	I:220949-220949+	T
111	I:222306-222306+	T
112	I:223911-223911-	T
113	I:224463-224463-	T
114	I:225360-225360+	T
115	I:227642-227642+	T
116	I:228744-228744+	T
117	II:237053-237053-	T
118	II:236392-236392+	T
119	II:235294-235294-	T
120	II:227536-227536+	T
121	II:217370-217370+	T
122	II:216487-216487-	T
123	II:216611-216611+	T
124	II:212532-212532-	T
125	II:209309-209309+	T
126	II:209553-209553+	T
127	II:207094-207094+	T
128	II:206007-206007-	T
129	II:203438-203438+	T
130	II:203306-203306-	T
131	II:201956-201956+	T
132	II:198964-198964-	T
133	II:194022-194022+	T
134	II:192351-192351+	T
135	II:186744-186744-	T
136	II:185898-185898-	T
137	II:184253-184253+	T
138	II:182301-182301+	T
139	II:181560-181560-	T
140	II:177774-177774-	T
141	II:174820-174820-	T
142	II:172434-172434+	T
143	II:171381-171381+	T
144	II:170523-170523+	T
145	II:168323-168323+	T
146	II:167418-167418-	T
147	II:164388-164388-	T
148	II:166034-166034+	T
149	II:162941-162941-	T
150	II:161599-161599+	T
151	II:160084-160084+	T
152	II:158556-158556-	T
153	II:153748-153748-	T
154	II:151393-151393-	T
155	II:150347-150347-	T
156	II:147109-147109+	T
157	II:146087-146087+	T
158	II:144848-144848-	T
159	II:143889-143889-	T
160	II:143293-143293+	T
161	II:142012-142012-	T
162	II:141147-141147+	T
163	II:138241-138241-	T
164	II:136588-136588+	T
165	II:135898-135898+	T
166	II:134043-134043-	T
167	II:132324-132324+	T
168	II:127795-127795-	T
169	II:127199-127199+	T
170	II:126728-126728+	T
171	II:125025-125025+	T
172	II:122653-122653-	T
173	II:119279-119279-	T
174	II:119235-119235+	T
175	II:117489-117489+	T
176	II:115473-115473-	T
177	II:113662-113662+	T
178	II:112701-112701-	T
179	II:111337-111337+	T
180	II:110025-110025-	T
181	II:110494-110494+	T
182	II:107832-107832+	T
183	II:105216-105216-	T
184	II:105208-105208+	T
185	II:101786-101786+	T
186	II:100271-100271-	T
187	II:99863-99863+	T
188	II:96569-96569-	T
189	II:93539-93539-	T
190	II:91694-91694+	T
191	II:92314-92314+	T
192	II:90641-90641+	T
193	II:90505-90505-	T
194	II:89358-89358-	T
195	II:90123-90123-	T
196	II:89878-89878+	T
197	II:88423-88423-	T
198	II:87546-87546+	T
199	II:86622-86622-	T
200	II:84399-84399-	T
201	II:80943-80943-	T
202	II:80797-80797+	G
203	II:80278-80278-	G
204	II:75159-75159+	G
205	II:72970-72970-	G
206	II:71766-71766+	G
207	II:69651-69651-	G
208	II:69613-69613-	G
209	II:67069-67069-	G
210	II:63776-63776+	G
211	II:61102-61102-	G
212	II:59722-59722-	G
213	II:50919-50919-	G
214	II:49474-49474+	G
215	II:48725-48725+	G
216	II:46465-46465-	G
217	II:47263-47263-	G
218	II:45878-45878+	G
219	II:44156-44156-	G
220	II:43665-43665-	G
221	II:43177-43177+	G
222	II:43074-43074-	G
223	II:40731-40731+	G
224	II:39045-39045+	G
225	II:36953-36953+	G
226	II:36889-36889-	G
227	II:28327-28327+	G
228	II:24846-24846-	G
229	II:23998-23998+	G
230	II:21976-21976-	G
231	II:18077-18077-	G
232	II:14141-14141-	G
233	II:10747-10747-	G
234	II:9861-9861-	G
235	II:9168-9168+	G
236	II:7505-7505-	G
237	II:8077-8077+	G
238	II:5690-5690+	G
239	II:2807-2807-	G
240	II:2482-2482-	G
241	II:180-180-	G
242	II:546-546+	G
243	II:238841-238841-	G
244	II:241608-241608-	G
245	II:242709-242709+	G
246	II:244266-244266-	G
247	II:245806-245806+	G
248	II:246910-246910+	G
249	II:248706-248706-	G
250	II:252463-252463-	G
251	II:255273-255273-	G
252	II:256231-256231+	G
253	II:257012-257012-	G
254	II:259047-259047-	G
255	II:265392-265392-	G
256	II:266625-266625-	G
257	II:267610-267610-	G
258	II:270147-270147+	G
259	II:270847-270847-	G
260	II:274327-274327-	G
261	II:276153-276153-	G
262	II:278921-278921+	G
263	II:281343-281343+	G
264	II:283638-283638+	G
265	II:284328-284328-	G
266	II:289345-289345+	G
267	II:290581-290581-	G
268	II:292777-292777-	G
269	II:293924-293924-	G
270	II:294325-294325-	G
271	II:296269-296269-	G
272	II:298192-298192+	G
273	II:300066-300066+	G
274	II:301419-301419+	G
275	II:301844-301844+	G
276	II:304830-304830-	G
277	II:306169-306169-	G
278	II:308981-308981-	G
279	II:310465-310465-	G
280	II:311798-311798+	G
281	II:315475-315475+	G
282	II:316868-316868+	G
283	II:318166-318166+	G
284	II:320316-320316-	G
285	II:321776-321776-	G
286	II:324241-324241-	G
287	II:328073-328073-	G
288	II:330407-330407-	G
289	II:331733-331733+	G
290	II:332731-332731+	G
291	II:334286-334286-	G
292	II:337083-337083-	G
293	II:337888-337888+	G
294	II:338620-338620-	G
295	II:339575-339575-	G
296	II:343001-343001+	G
297	II:344502-344502-	G
298	II:351193-351193-	G
299	II:351155-351155+	G
300	II:347779-347779+	G
301	II:352093-352093-	G
302	II:356224-356224-	G
303	II:353572-353572-	C
304	II:356761-356761-	C
305	II:360552-360552-	C
306	II:364687-364687-	C
307	II:365876-365876-	C
308	II:366870-366870-	C
309	II:367663-367663+	C
310	II:368484-368484-	C
311	II:369937-369937-	C
312	II:372003-372003-	C
313	II:373761-373761-	C
314	II:376474-376474-	C
315	II:379121-379121-	C
316	II:380311-380311+	C
317	II:382760-382760-	C
318	II:381930-381930+	C
319	II:383012-383012+	C
320	II:386186-386186+	C
321	II:391251-391251-	C
322	II:390127-390127+	C
323	II:391705-391705-	C
324	II:393023-393023+	C
325	II:395283-395283-	C
326	II:398514-398514-	C
327	II:401153-401153-	C
328	II:406528-406528-	C
329	II:409069-409069+	C
330	II:414086-414086-	C
331	II:410954-410954+	C
332	II:418807-418807-	C
333	II:415883-415883+	C
334	II:420101-420101-	C
335	II:423665-423665+	C
336	II:424890-424890-	C
337	II:426090-426090-	C
338	II:425083-425083+	C
339	II:426233-426233-	C
340	II:427055-427055-	C
341	II:427598-427598-	C
342	II:429448-429448-	C
343	II:431936-431936+	C
344	II:434306-434306-	C
345	II:435921-435921+	C
346	II:436851-436851+	C
347	II:441415-441415+	C
348	II:442824-442824-	C
349	II:443721-443721-	C
350	II:444962-444962-	C
351	II:449220-449220-	C
352	II:447609-447609+	C
353	II:449567-449567+	C
354	II:450781-450781-	C
355	II:452558-452558+	C
356	II:453693-453693-	C
357	II:454722-454722+	C
358	II:457819-457819-	C
359	II:458508-458508+	C
360	II:458772-458772+	C
361	II:461078-461078-	C
362	II:462039-462039+	C
363	II:462770-462770-	C
364	II:465466-465466+	C
365	II:467148-467148+	C
366	II:469648-469648-	C
367	II:474099-474099-	C
368	II:474292-474292-	C
369	II:477571-477571+	C
370	II:479238-479238+	C
371	II:480335-480335-	C
372	II:482226-482226-	C
373	II:481264-481264-	C
374	II:483870-483870-	C
375	II:484642-484642-	C
376	II:486407-486407+	C
377	II:487099-487099-	C
378	II:488805-488805-	C
379	II:490750-490750+	C
380	II:490827-490827+	C
381	II:491169-491169-	C
382	II:492981-492981-	C
383	II:494253-494253-	C
384	II:495492-495492-	C
385	II:497550-497550-	C
386	II:497063-497063+	C
387	II:499552-499552-	C
388	II:501704-501704-	C
389	II:504143-504143+	C
390	II:504754-504754+	C
391	II:505568-505568+	C
392	II:512944-512944+	C
393	II:513662-513662-	C
394	II:515564-515564+	C
395	II:517250-517250-	C
396	II:526925-526925-	C
397	II:527067-527067+	C
398	II:528217-528217+	C
399	II:530769-530769-	C
